id,equipment_id,maintenance_type,description,duration_hours,labor_cost,material_cost,total_cost,health_score_before,health_score_after,technician,performed_at
mh0000,eq017,preventive,System reset and calibration,1.1,2802.31,1953.76,1368.12,61.46,83.78,TECH006,2024-10-11T16:16:37.226552
mh0001,eq041,emergency,Oil change and lubrication,2.8,1593.72,1916.17,1726.14,63.46,88.72,TECH004,2025-06-23T16:16:37.226552
mh0002,eq039,emergency,Oil change and lubrication,2.8,2354.23,1533.18,1213.6,76.99,89.3,TECH012,2026-05-01T16:16:37.226552
mh0003,eq022,emergency,Emergency repair,6.4,2301.91,500.53,1245.8,68.06,81.34,TECH013,2026-03-10T16:16:37.226552
mh0004,eq001,corrective,Full inspection,2.5,659.68,1482.18,3179.6,69.32,81.68,TECH002,2025-10-26T16:16:37.226552
mh0005,eq031,emergency,Component replacement,3.3,1137.79,385.23,3167.82,58.21,75.41,TECH012,2025-03-07T16:16:37.226552
mh0006,eq002,preventive,Component replacement,0.8,1409.94,1856.41,1469.53,49.14,69.31,TECH014,2026-04-01T16:16:37.226552
mh0007,eq047,emergency,Full inspection,2.2,1120.66,1848.54,2075.72,62.11,90.39,TECH014,2026-06-22T16:16:37.226552
mh0008,eq043,preventive,Component replacement,2.2,1789.44,282.67,2423.98,62.86,75.25,TECH015,2026-05-10T16:16:37.226552
mh0009,eq019,corrective,Oil change and lubrication,4.6,519.92,561.21,3124.37,74.64,100,TECH005,2025-04-08T16:16:37.226552
mh0010,eq031,preventive,Emergency repair,6.2,1112.82,211.48,2463.16,49.7,67.07,TECH004,2024-10-29T16:16:37.226552
mh0011,eq000,corrective,Oil change and lubrication,6.2,1440.69,1528.55,2022.3,53.86,80.65,TECH004,2025-01-20T16:16:37.226552
mh0012,eq003,preventive,System reset and calibration,1.2,2803.19,1815.12,2934.96,79.32,97.72,TECH012,2025-02-01T16:16:37.226552
mh0013,eq037,preventive,Emergency repair,1.5,2549.91,334.69,3141.63,58.34,83.3,TECH007,2025-07-12T16:16:37.226552
mh0014,eq016,corrective,Full inspection,5.8,2338.38,772.5,1869.41,78.57,93.3,TECH002,2024-09-18T16:16:37.226552
mh0015,eq006,preventive,Oil change and lubrication,1.7,1665.14,931.72,3004.48,45.44,70.85,TECH013,2026-01-02T16:16:37.226552
mh0016,eq007,preventive,Component replacement,6.6,1260.54,1468.47,3294.2,58.08,77.34,TECH004,2025-12-28T16:16:37.226552
mh0017,eq022,corrective,Emergency repair,0.9,1247.1,1676.16,1447.63,45.93,70.16,TECH007,2025-08-27T16:16:37.226552
mh0018,eq006,corrective,Oil change and lubrication,6.5,849.48,221.52,4270.6,62.24,83.24,TECH004,2025-04-21T16:16:37.227549
mh0019,eq043,emergency,Oil change and lubrication,4.9,1147.05,1662.94,793.74,47.93,65.94,TECH002,2026-03-17T16:16:37.227549
mh0020,eq008,preventive,System reset and calibration,1.4,2855.7,291.15,4673.77,76.1,94.97,TECH007,2026-01-07T16:16:37.227549
mh0021,eq027,preventive,System reset and calibration,2.1,967.88,703.74,4498.72,59.85,77.5,TECH001,2025-06-19T16:16:37.227549
mh0022,eq018,corrective,Full inspection,7.1,1697.58,357.9,2346.97,64.77,79.68,TECH007,2024-11-07T16:16:37.227549
mh0023,eq015,emergency,Emergency repair,6.5,2973.51,1607.45,2244.18,65.71,91.65,TECH009,2026-01-05T16:16:37.227549
mh0024,eq020,corrective,System reset and calibration,1.8,1297.19,594.24,4551.79,53.76,75.07,TECH013,2025-03-19T16:16:37.227549
mh0025,eq033,corrective,Emergency repair,8.0,2934.95,380.24,3524.52,42.34,72.17,TECH005,2025-10-14T16:16:37.227549
mh0026,eq003,preventive,Emergency repair,6.8,2493.48,838.65,4308.66,72.65,100,TECH014,2025-01-28T16:16:37.227549
mh0027,eq047,emergency,System reset and calibration,7.4,570.52,1461.01,4774.5,47.04,68.89,TECH010,2026-02-01T16:16:37.227549
mh0028,eq031,emergency,System reset and calibration,1.8,594.91,301.1,3287.15,62.52,76.29,TECH001,2026-03-05T16:16:37.227549
mh0029,eq039,preventive,Component replacement,3.1,943.65,1644.36,4433.33,59.12,75.75,TECH001,2025-02-04T16:16:37.227549
mh0030,eq009,preventive,Emergency repair,7.0,2901.4,872.46,4750.27,45.91,70.0,TECH007,2026-07-06T16:16:37.227549
mh0031,eq008,preventive,Full inspection,6.4,2901.66,1368.52,1449.07,44.04,60.08,TECH009,2024-12-05T16:16:37.227549
mh0032,eq022,preventive,Emergency repair,6.6,1445.96,1521.19,1966.42,75.58,97.86,TECH003,2024-08-17T16:16:37.227549
mh0033,eq025,emergency,Oil change and lubrication,1.9,1295.54,1655.85,3328.94,77.95,100,TECH011,2026-07-27T16:16:37.227549
mh0034,eq021,emergency,Oil change and lubrication,2.3,2955.95,502.2,4506.88,44.16,64.09,TECH002,2024-12-26T16:16:37.227549
mh0035,eq021,corrective,Oil change and lubrication,2.5,1123.85,322.03,1803.63,66.8,91.39,TECH002,2024-08-02T16:16:37.227549
mh0036,eq026,preventive,Full inspection,4.2,1446.78,1182.84,1136.14,41.93,60.69,TECH008,2026-07-27T16:16:37.227549
mh0037,eq010,corrective,Oil change and lubrication,6.5,583.53,236.14,1822.85,66.04,89.78,TECH002,2024-12-14T16:16:37.227549
mh0038,eq010,emergency,Oil change and lubrication,4.6,2745.31,367.59,3254.33,53.67,81.43,TECH010,2026-05-14T16:16:37.227549
mh0039,eq041,preventive,Emergency repair,7.2,892.76,382.26,1583.87,68.18,86.81,TECH004,2025-03-21T16:16:37.227549
mh0040,eq046,emergency,System reset and calibration,5.5,1243.5,372.65,2389.48,67.89,92.33,TECH009,2025-06-04T16:16:37.227549
mh0041,eq027,preventive,System reset and calibration,6.7,2062.73,1064.59,1117.04,46.14,63.36,TECH004,2025-03-13T16:16:37.227549
mh0042,eq030,preventive,System reset and calibration,6.4,1677.36,1810.78,1839.52,65.53,95.07,TECH011,2026-02-04T16:16:37.227549
mh0043,eq024,corrective,Component replacement,3.8,1158.24,1037.1,1672.84,55.5,72.92,TECH005,2025-01-17T16:16:37.227549
mh0044,eq042,preventive,Oil change and lubrication,5.5,2520.45,945.18,3952.76,42.47,67.51,TECH004,2024-12-28T16:16:37.227549
mh0045,eq033,corrective,Emergency repair,5.7,2840.9,1230.89,1713.26,42.44,60.18,TECH005,2025-01-08T16:16:37.227549
mh0046,eq002,emergency,Emergency repair,7.3,2501.13,1419.56,3367.17,55.79,82.87,TECH002,2026-05-09T16:16:37.227549
mh0047,eq013,preventive,Component replacement,0.8,695.92,1429.63,1568.25,46.92,76.6,TECH014,2025-04-25T16:16:37.227549
mh0048,eq020,emergency,Oil change and lubrication,1.2,1890.91,1193.7,4383.48,45.92,67.82,TECH009,2024-10-24T16:16:37.227549
mh0049,eq044,emergency,Emergency repair,4.4,1548.98,946.0,1337.26,76.69,86.93,TECH010,2025-04-15T16:16:37.227549
mh0050,eq006,emergency,Oil change and lubrication,6.4,2668.69,1784.24,4474.94,70.34,99.13,TECH005,2024-12-09T16:16:37.227549
mh0051,eq030,preventive,Component replacement,2.6,859.63,1295.58,3682.74,66.19,87.63,TECH001,2025-07-01T16:16:37.227549
mh0052,eq015,preventive,Full inspection,7.4,2742.58,236.42,4214.76,75.58,92.21,TECH005,2025-06-18T16:16:37.227549
mh0053,eq044,emergency,Oil change and lubrication,7.8,1069.89,740.86,3898.01,51.21,71.05,TECH013,2025-09-13T16:16:37.227549
mh0054,eq041,preventive,Component replacement,3.8,2783.58,932.91,2783.18,50.78,69.11,TECH009,2025-09-03T16:16:37.227549
mh0055,eq010,preventive,System reset and calibration,5.8,1508.46,1604.93,2954.43,72.84,93.15,TECH010,2025-07-11T16:16:37.227549
mh0056,eq012,preventive,Component replacement,0.7,626.4,848.68,1556.17,46.95,74.45,TECH006,2026-06-29T16:16:37.227549
mh0057,eq007,emergency,Oil change and lubrication,2.3,1721.97,1002.99,4830.24,60.21,82.91,TECH008,2025-04-09T16:16:37.227549
mh0058,eq016,emergency,Oil change and lubrication,2.6,1466.41,493.23,3160.71,62.05,78.94,TECH004,2024-12-05T16:16:37.227549
mh0059,eq017,emergency,Full inspection,4.3,2661.57,1940.85,3633.46,65.9,89.45,TECH008,2025-12-14T16:16:37.227549
mh0060,eq000,preventive,System reset and calibration,5.1,2857.51,1482.93,3750.28,65.89,87.92,TECH005,2026-03-15T16:16:37.227549
mh0061,eq029,corrective,Component replacement,4.0,2192.99,1683.76,2407.76,75.82,100,TECH002,2025-05-21T16:16:37.227549
mh0062,eq023,emergency,Emergency repair,5.1,1246.19,394.59,974.5,60.46,83.71,TECH005,2026-07-21T16:16:37.227549
mh0063,eq041,emergency,System reset and calibration,1.9,1793.23,632.54,944.13,53.01,68.54,TECH014,2024-10-11T16:16:37.227549
mh0064,eq008,emergency,Oil change and lubrication,5.4,2993.67,666.97,2499.83,56.16,72.56,TECH007,2024-11-21T16:16:37.227549
mh0065,eq012,corrective,Component replacement,5.6,2095.78,1056.32,4744.87,63.32,93.22,TECH006,2026-06-22T16:16:37.227549
mh0066,eq042,emergency,Component replacement,2.7,1676.95,1533.65,3818.3,52.01,65.41,TECH009,2025-02-24T16:16:37.227549
mh0067,eq041,preventive,Component replacement,3.2,2360.52,752.75,4088.79,77.88,100,TECH006,2026-01-22T16:16:37.227549
mh0068,eq007,corrective,Oil change and lubrication,7.0,1958.94,1899.74,1006.23,50.42,66.3,TECH015,2025-07-13T16:16:37.227549
mh0069,eq024,emergency,System reset and calibration,3.6,2677.12,471.4,4967.1,60.02,87.37,TECH006,2026-01-10T16:16:37.227549
mh0070,eq029,preventive,System reset and calibration,7.0,950.89,345.46,2130.31,79.49,100,TECH003,2025-06-04T16:16:37.227549
mh0071,eq017,preventive,Component replacement,4.8,896.09,1613.38,4052.94,65.38,75.47,TECH003,2025-09-11T16:16:37.227549
mh0072,eq027,corrective,Full inspection,0.5,1834.46,1515.19,4785.3,57.35,75.94,TECH015,2024-11-06T16:16:37.227549
mh0073,eq001,emergency,Oil change and lubrication,5.2,1122.06,1448.34,2180.7,70.27,90.89,TECH003,2025-09-02T16:16:37.227549
mh0074,eq010,preventive,Oil change and lubrication,2.7,1227.07,1510.1,3264.39,55.34,77.12,TECH006,2026-04-14T16:16:37.227549
mh0075,eq021,corrective,System reset and calibration,6.1,912.21,1832.41,4191.64,75.52,100,TECH001,2025-05-10T16:16:37.227549
mh0076,eq013,emergency,Oil change and lubrication,4.9,922.46,859.86,3497.32,48.97,78.67,TECH001,2025-12-07T16:16:37.227549
mh0077,eq034,emergency,Oil change and lubrication,5.0,619.9,394.6,4295.32,75.06,90.18,TECH001,2025-07-09T16:16:37.227549
mh0078,eq007,emergency,System reset and calibration,4.1,882.82,1451.35,3410.34,44.63,63.52,TECH005,2024-08-21T16:16:37.227549
mh0079,eq017,emergency,Emergency repair,5.8,1547.06,1817.52,2899.81,66.47,89.72,TECH010,2025-05-24T16:16:37.227549
mh0080,eq031,preventive,Emergency repair,2.0,1157.48,1141.66,1567.19,51.31,77.0,TECH012,2026-03-30T16:16:37.227549
mh0081,eq031,preventive,Full inspection,3.0,506.84,1408.94,4599.58,51.81,62.6,TECH014,2025-06-04T16:16:37.227549
mh0082,eq005,emergency,Oil change and lubrication,5.9,753.23,660.61,1693.99,66.76,79.74,TECH005,2024-12-18T16:16:37.227549
mh0083,eq011,preventive,System reset and calibration,3.2,2191.92,966.79,1198.37,58.57,70.57,TECH014,2025-10-31T16:16:37.227549
mh0084,eq041,preventive,System reset and calibration,3.2,1594.29,1319.25,4477.44,40.39,53.15,TECH002,2026-06-12T16:16:37.227549
mh0085,eq025,corrective,Full inspection,2.5,1464.29,1731.21,4139.57,72.6,86.26,TECH011,2025-07-12T16:16:37.227549
mh0086,eq003,preventive,Oil change and lubrication,3.6,1976.88,1644.08,3617.09,44.52,68.45,TECH003,2026-02-08T16:16:37.227549
mh0087,eq001,emergency,Component replacement,4.1,1720.31,1797.67,2594.96,55.19,72.36,TECH002,2024-11-10T16:16:37.227549
mh0088,eq043,emergency,Emergency repair,5.9,1059.96,1920.37,4454.52,66.2,76.45,TECH009,2025-11-03T16:16:37.227549
mh0089,eq027,emergency,Component replacement,4.1,2159.28,1354.53,1339.21,67.53,89.89,TECH014,2025-02-08T16:16:37.227549
mh0090,eq000,emergency,Component replacement,4.3,1673.22,1092.5,1411.24,75.68,97.94,TECH013,2025-01-03T16:16:37.227549
mh0091,eq017,preventive,Emergency repair,2.2,2108.29,925.9,1710.5,52.83,69.44,TECH008,2025-03-12T16:16:37.227549
mh0092,eq031,corrective,System reset and calibration,1.4,1743.43,1376.07,1141.37,72.05,91.01,TECH007,2025-04-30T16:16:37.227549
mh0093,eq005,emergency,Emergency repair,5.3,2725.28,1212.2,3514.76,62.29,72.29,TECH008,2026-06-22T16:16:37.228555
mh0094,eq014,corrective,System reset and calibration,4.7,2049.39,1051.64,3525.82,54.53,65.62,TECH012,2025-08-13T16:16:37.228555
mh0095,eq014,preventive,System reset and calibration,3.2,2084.15,1639.84,3055.07,44.56,69.75,TECH006,2025-04-21T16:16:37.228555
mh0096,eq031,preventive,Full inspection,1.3,2027.13,537.58,4699.93,44.25,72.19,TECH007,2024-08-09T16:16:37.228555
mh0097,eq045,corrective,Oil change and lubrication,6.2,616.25,1339.83,3590.21,58.28,83.91,TECH002,2025-12-20T16:16:37.228555
mh0098,eq032,preventive,Full inspection,0.5,2340.53,1195.81,2561.08,58.3,80.08,TECH010,2025-04-23T16:16:37.228555
mh0099,eq011,emergency,Emergency repair,1.8,2538.11,386.4,3527.34,76.97,100,TECH010,2025-03-21T16:16:37.228555
mh0100,eq038,emergency,Component replacement,2.6,2908.98,1946.88,2647.24,60.16,77.86,TECH003,2025-09-02T16:16:37.228555
mh0101,eq047,emergency,System reset and calibration,6.8,1869.51,765.04,3868.32,56.51,80.51,TECH009,2026-03-09T16:16:37.228555
mh0102,eq045,corrective,System reset and calibration,7.4,831.68,1478.71,4893.27,48.69,62.89,TECH003,2024-10-19T16:16:37.228555
mh0103,eq045,preventive,System reset and calibration,4.7,1957.02,1896.81,3753.53,61.7,84.44,TECH011,2025-02-28T16:16:37.228555
mh0104,eq000,emergency,Oil change and lubrication,0.7,863.32,1406.46,1559.58,51.44,78.38,TECH013,2025-01-28T16:16:37.228555
mh0105,eq009,preventive,System reset and calibration,2.0,1852.93,845.63,2646.16,79.34,100,TECH010,2026-02-14T16:16:37.228555
mh0106,eq047,emergency,Emergency repair,3.4,1777.31,1634.3,3693.35,69.58,96.88,TECH012,2024-09-05T16:16:37.228555
mh0107,eq026,emergency,System reset and calibration,7.7,634.51,1538.61,1573.28,41.88,59.51,TECH014,2024-09-16T16:16:37.228555
mh0108,eq045,emergency,System reset and calibration,6.2,1866.54,1286.1,4037.43,73.2,100,TECH004,2025-05-01T16:16:37.228555
mh0109,eq004,preventive,Component replacement,6.0,798.38,273.14,1900.18,57.95,87.62,TECH005,2025-09-30T16:16:37.228555
mh0110,eq000,corrective,Full inspection,5.8,887.01,476.67,2087.31,46.44,73.36,TECH001,2026-03-17T16:16:37.228555
mh0111,eq031,emergency,Emergency repair,3.2,2460.08,772.15,1645.84,64.62,87.86,TECH003,2024-10-26T16:16:37.228555
mh0112,eq026,emergency,Emergency repair,3.5,1373.51,1790.11,3552.34,42.73,62.83,TECH006,2025-02-10T16:16:37.228555
mh0113,eq039,emergency,Full inspection,8.0,2559.22,1966.04,737.86,51.74,80.75,TECH011,2025-07-24T16:16:37.228555
mh0114,eq039,emergency,Component replacement,7.7,2206.38,777.69,4638.51,57.83,85.92,TECH002,2025-08-08T16:16:37.228555
mh0115,eq001,emergency,System reset and calibration,4.4,1771.84,1076.25,1974.67,50.26,74.74,TECH011,2025-06-28T16:16:37.228555
mh0116,eq006,preventive,Emergency repair,4.5,2067.33,579.41,3406.91,52.81,64.46,TECH004,2026-01-12T16:16:37.228555
mh0117,eq034,emergency,Full inspection,5.3,2849.38,1544.4,1361.14,56.97,69.05,TECH008,2024-08-26T16:16:37.228555
mh0118,eq011,corrective,Emergency repair,1.0,2554.05,1839.78,2452.82,41.52,52.98,TECH008,2025-08-23T16:16:37.228555
mh0119,eq024,emergency,Oil change and lubrication,4.5,2103.56,1313.03,3950.63,56.18,72.51,TECH010,2024-10-21T16:16:37.228555
mh0120,eq032,preventive,System reset and calibration,6.4,1253.38,355.71,3990.68,68.04,79.49,TECH008,2026-06-12T16:16:37.228555
mh0121,eq030,preventive,Emergency repair,2.1,2366.88,1634.19,4352.71,55.8,79.02,TECH005,2025-07-03T16:16:37.228555
mh0122,eq046,emergency,System reset and calibration,7.7,527.88,1774.58,1307.91,45.76,69.31,TECH001,2024-10-17T16:16:37.228555
mh0123,eq035,preventive,System reset and calibration,2.1,2353.58,1506.69,1610.47,62.91,80.79,TECH015,2026-07-23T16:16:37.228555
mh0124,eq011,preventive,Emergency repair,6.8,985.82,526.44,4138.54,74.06,86.91,TECH014,2024-10-05T16:16:37.228555
mh0125,eq035,corrective,Emergency repair,1.0,2179.21,651.24,1548.9,74.06,100,TECH010,2026-06-03T16:16:37.228555
mh0126,eq042,emergency,Component replacement,1.3,2048.79,1820.21,2066.48,78.06,95.2,TECH008,2025-03-17T16:16:37.228555
mh0127,eq037,preventive,Emergency repair,4.8,2519.25,1925.59,1425.15,64.65,80.77,TECH006,2025-08-26T16:16:37.228555
mh0128,eq041,corrective,System reset and calibration,6.8,835.76,1519.35,4474.91,71.43,95.67,TECH008,2025-11-18T16:16:37.228555
mh0129,eq035,preventive,Component replacement,5.3,704.93,705.11,4253.71,54.35,70.46,TECH015,2025-04-28T16:16:37.228555
mh0130,eq040,preventive,Oil change and lubrication,7.2,2623.97,1336.93,4194.36,47.86,72.53,TECH010,2025-01-23T16:16:37.228555
mh0131,eq002,emergency,System reset and calibration,4.6,2996.82,1049.79,4033.35,70.77,85.02,TECH006,2025-06-09T16:16:37.228555
mh0132,eq046,corrective,Component replacement,4.0,1776.03,914.21,2859.32,48.93,74.38,TECH011,2025-06-22T16:16:37.228555
mh0133,eq039,emergency,Component replacement,6.2,850.93,486.6,3135.34,73.92,100,TECH010,2025-11-26T16:16:37.228555
mh0134,eq046,corrective,System reset and calibration,0.8,2403.68,617.15,1836.74,74.89,87.81,TECH004,2024-09-21T16:16:37.228555
mh0135,eq023,corrective,Full inspection,7.4,2703.88,271.83,3488.66,66.74,87.1,TECH002,2026-06-15T16:16:37.228555
mh0136,eq017,emergency,System reset and calibration,4.8,1925.4,877.99,2327.63,78.74,100,TECH010,2024-08-07T16:16:37.228555
mh0137,eq016,corrective,Component replacement,4.4,1382.25,1761.89,2793.5,75.93,87.49,TECH008,2024-09-27T16:16:37.228555
mh0138,eq028,preventive,Component replacement,1.1,2108.69,580.73,1503.69,40.26,67.9,TECH006,2024-11-17T16:16:37.228555
mh0139,eq014,corrective,System reset and calibration,5.9,1703.79,1061.87,1606.03,68.69,81.06,TECH003,2024-11-19T16:16:37.228555
mh0140,eq002,preventive,Emergency repair,4.9,836.81,1122.76,4530.43,73.33,83.78,TECH003,2024-10-04T16:16:37.228555
mh0141,eq033,corrective,Emergency repair,7.8,2094.06,1781.32,3830.29,46.65,75.1,TECH014,2026-06-01T16:16:37.228555
mh0142,eq038,corrective,Full inspection,1.8,2575.91,1281.51,4116.85,77.89,92.22,TECH014,2025-10-11T16:16:37.228555
mh0143,eq010,emergency,System reset and calibration,7.4,1991.33,323.92,2326.31,64.93,85.14,TECH003,2026-01-23T16:16:37.228555
mh0144,eq032,emergency,Full inspection,6.7,2013.78,519.36,4576.92,40.66,61.12,TECH010,2026-04-08T16:16:37.228555
mh0145,eq048,preventive,Oil change and lubrication,4.1,825.82,1286.25,4258.34,75.11,95.74,TECH015,2026-06-19T16:16:37.228555
mh0146,eq023,preventive,Emergency repair,3.7,2846.05,1067.82,4005.29,65.97,86.41,TECH006,2024-09-02T16:16:37.228555
mh0147,eq044,emergency,Oil change and lubrication,3.7,1136.3,1578.55,4613.37,72.18,100,TECH002,2024-12-02T16:16:37.228555
mh0148,eq016,preventive,Oil change and lubrication,5.8,2473.56,1240.38,1206.66,63.93,84.81,TECH001,2025-10-11T16:16:37.228555
mh0149,eq020,corrective,System reset and calibration,1.3,1565.18,1253.67,1823.6,66.18,89.94,TECH009,2025-07-09T16:16:37.228555
mh0150,eq043,corrective,Component replacement,3.6,2459.47,1068.44,2291.92,62.59,84.82,TECH009,2025-05-21T16:16:37.228555
mh0151,eq022,emergency,Full inspection,6.0,2637.5,1386.71,3915.6,50.15,66.28,TECH008,2025-03-20T16:16:37.228555
mh0152,eq032,corrective,System reset and calibration,6.5,2035.06,1432.22,923.83,77.97,89.98,TECH007,2024-08-11T16:16:37.228555
mh0153,eq009,corrective,Emergency repair,3.8,660.2,599.19,1044.17,40.21,52.03,TECH001,2024-10-15T16:16:37.228555
mh0154,eq041,emergency,System reset and calibration,5.8,1993.68,1902.29,4226.98,77.23,95.24,TECH011,2025-06-30T16:16:37.228555
mh0155,eq042,emergency,System reset and calibration,2.0,2459.9,1118.99,3703.33,57.56,71.59,TECH010,2025-03-09T16:16:37.228555
mh0156,eq041,preventive,Component replacement,1.2,1189.84,918.98,3579.55,66.96,84.16,TECH007,2026-02-05T16:16:37.228555
mh0157,eq045,preventive,Oil change and lubrication,4.6,2315.35,1206.4,3206.61,48.01,58.32,TECH006,2024-12-05T16:16:37.228555
mh0158,eq029,corrective,Emergency repair,0.5,937.59,1111.23,3102.11,49.05,78.31,TECH009,2025-10-18T16:16:37.228555
mh0159,eq032,corrective,Emergency repair,6.6,1937.23,1449.55,4854.04,53.6,65.94,TECH010,2025-09-30T16:16:37.228555
mh0160,eq049,corrective,Full inspection,7.2,2655.06,1067.55,1808.62,70.8,95.95,TECH007,2025-03-20T16:16:37.228555
mh0161,eq044,preventive,System reset and calibration,3.6,1382.74,1164.17,3713.52,71.55,85.95,TECH005,2024-10-18T16:16:37.228555
mh0162,eq047,corrective,Oil change and lubrication,4.7,946.21,764.97,1639.83,51.49,69.47,TECH010,2025-11-16T16:16:37.229551
mh0163,eq012,corrective,Component replacement,2.3,1105.14,677.73,1685.59,47.31,72.23,TECH014,2025-10-26T16:16:37.229551
mh0164,eq049,preventive,Oil change and lubrication,7.4,2189.53,1394.16,3339.46,73.45,90.57,TECH013,2025-11-15T16:16:37.229551
mh0165,eq023,emergency,System reset and calibration,4.2,2963.4,1814.6,4435.71,78.32,100,TECH008,2025-01-20T16:16:37.229551
mh0166,eq017,corrective,Component replacement,6.1,820.61,1146.32,2519.66,79.38,100,TECH009,2026-01-22T16:16:37.229551
mh0167,eq043,preventive,Full inspection,7.8,2245.61,1028.13,3663.61,60.1,77.97,TECH001,2026-06-25T16:16:37.229551
mh0168,eq020,corrective,Emergency repair,7.0,967.88,673.13,1858.46,48.43,70.05,TECH010,2024-09-06T16:16:37.229551
mh0169,eq013,corrective,System reset and calibration,3.2,1501.48,1011.31,3157.06,54.64,74.61,TECH010,2025-08-11T16:16:37.229551
mh0170,eq017,preventive,Emergency repair,3.7,1452.21,462.52,4824.34,49.14,61.14,TECH003,2024-08-25T16:16:37.229551
mh0171,eq031,preventive,Emergency repair,4.5,1289.32,1075.92,1779.19,72.23,85.76,TECH014,2025-03-31T16:16:37.229551
mh0172,eq010,preventive,Component replacement,6.6,1691.35,1333.75,2634.38,41.91,53.89,TECH006,2024-12-24T16:16:37.229551
mh0173,eq016,corrective,Oil change and lubrication,3.6,1377.73,1423.25,3303.98,54.44,75.65,TECH010,2025-11-04T16:16:37.229551
mh0174,eq049,corrective,System reset and calibration,2.9,1776.11,1594.54,2621.8,65.99,86.76,TECH002,2024-12-16T16:16:37.229551
mh0175,eq009,preventive,System reset and calibration,3.7,2030.78,928.59,4600.41,64.55,83.82,TECH002,2025-07-03T16:16:37.229551
mh0176,eq041,corrective,System reset and calibration,5.0,1488.64,1797.85,4058.19,53.75,70.01,TECH006,2026-02-13T16:16:37.229551
mh0177,eq010,preventive,Oil change and lubrication,1.4,1086.57,652.96,3898.66,60.84,79.84,TECH012,2024-12-04T16:16:37.229551
mh0178,eq006,preventive,Full inspection,4.6,565.91,914.62,3989.48,48.42,66.36,TECH002,2026-05-08T16:16:37.229551
mh0179,eq041,corrective,System reset and calibration,2.2,2343.98,997.69,1243.57,50.5,63.6,TECH009,2026-04-13T16:16:37.229551
mh0180,eq020,corrective,Full inspection,7.8,1851.46,690.35,2612.83,41.14,64.41,TECH012,2026-02-04T16:16:37.229551
mh0181,eq040,emergency,Emergency repair,3.8,2099.47,1160.81,4608.37,47.08,69.03,TECH008,2025-01-22T16:16:37.229551
mh0182,eq019,corrective,Full inspection,2.4,1258.93,200.17,4206.13,49.09,60.88,TECH014,2025-01-22T16:16:37.229551
mh0183,eq000,emergency,Full inspection,7.6,1692.67,216.44,2550.87,53.76,73.14,TECH005,2026-03-11T16:16:37.229551
mh0184,eq023,preventive,Full inspection,7.1,1592.77,649.81,3774.23,49.25,59.39,TECH011,2024-11-24T16:16:37.229551
mh0185,eq005,corrective,Component replacement,4.4,2499.9,1303.79,3683.88,73.14,87.55,TECH005,2025-06-24T16:16:37.229551
mh0186,eq017,corrective,Component replacement,6.9,956.02,721.27,3438.64,65.94,86.58,TECH010,2025-10-10T16:16:37.229551
mh0187,eq012,corrective,Oil change and lubrication,1.6,2924.29,239.84,4881.03,50.89,73.34,TECH005,2025-04-21T16:16:37.229551
mh0188,eq000,preventive,Oil change and lubrication,1.6,1733.95,815.44,2039.78,45.0,63.77,TECH013,2025-10-26T16:16:37.229551
mh0189,eq002,corrective,Oil change and lubrication,6.8,2879.11,300.87,4035.31,79.92,99.19,TECH002,2025-03-05T16:16:37.229551
mh0190,eq016,corrective,Oil change and lubrication,1.4,2420.36,648.13,4016.27,58.81,72.65,TECH008,2025-01-18T16:16:37.229551
mh0191,eq029,emergency,Oil change and lubrication,4.4,2955.29,1051.09,3630.2,69.5,80.17,TECH005,2025-11-17T16:16:37.229551
mh0192,eq047,emergency,Emergency repair,1.4,1703.07,737.86,2249.83,46.34,70.91,TECH001,2025-09-01T16:16:37.229551
mh0193,eq040,corrective,System reset and calibration,0.6,2485.98,1252.45,2401.98,48.71,60.97,TECH004,2024-09-14T16:16:37.229551
mh0194,eq044,corrective,Emergency repair,1.7,2426.99,647.7,2849.65,78.75,100,TECH011,2026-07-19T16:16:37.229551
mh0195,eq048,emergency,Oil change and lubrication,0.9,2111.44,1462.39,4103.3,53.54,82.93,TECH003,2024-11-02T16:16:37.229551
mh0196,eq041,corrective,Full inspection,6.0,553.38,879.98,3814.92,49.31,78.94,TECH005,2025-03-16T16:16:37.229551
mh0197,eq018,emergency,Full inspection,1.9,966.57,825.8,3849.33,59.41,78.16,TECH005,2026-06-18T16:16:37.229551
mh0198,eq004,emergency,Component replacement,3.9,2548.55,1174.89,2652.54,76.58,97.67,TECH013,2024-11-22T16:16:37.229551
mh0199,eq001,emergency,System reset and calibration,6.3,1096.97,1497.81,3530.64,60.24,84.91,TECH009,2024-10-13T16:16:37.229551
mh0200,eq049,emergency,Component replacement,5.1,1306.5,1353.63,1175.0,47.59,71.26,TECH009,2025-06-27T16:16:37.229551
mh0201,eq008,preventive,Oil change and lubrication,2.0,1713.43,377.76,3155.35,42.67,69.37,TECH014,2024-09-22T16:16:37.229551
mh0202,eq044,emergency,System reset and calibration,0.9,1051.81,1492.12,756.27,66.32,86.83,TECH015,2025-06-26T16:16:37.229551
mh0203,eq005,corrective,Oil change and lubrication,3.2,2358.69,1802.78,4234.71,66.23,94.8,TECH013,2025-12-27T16:16:37.229551
mh0204,eq033,preventive,Oil change and lubrication,6.8,694.84,588.62,2933.79,42.33,64.67,TECH002,2024-08-02T16:16:37.229551
mh0205,eq033,emergency,Component replacement,4.8,2868.76,1205.16,3100.01,61.27,75.06,TECH012,2025-12-04T16:16:37.229551
mh0206,eq043,corrective,Full inspection,7.1,917.02,524.71,2426.7,70.65,92.18,TECH006,2026-04-11T16:16:37.229551
mh0207,eq028,corrective,System reset and calibration,4.6,2992.13,1720.74,2473.08,46.33,76.3,TECH011,2024-09-23T16:16:37.229551
mh0208,eq015,emergency,Emergency repair,2.1,2414.27,1867.06,1792.58,73.05,89.52,TECH008,2025-05-14T16:16:37.229551
mh0209,eq002,corrective,Emergency repair,0.6,837.71,1802.58,728.25,78.39,88.4,TECH004,2025-04-26T16:16:37.229551
mh0210,eq044,corrective,Emergency repair,4.3,1926.67,1228.9,1105.43,74.23,84.66,TECH008,2025-12-21T16:16:37.229551
mh0211,eq037,preventive,Component replacement,2.4,1250.76,1226.88,3146.98,46.24,61.54,TECH004,2025-07-29T16:16:37.229551
mh0212,eq011,corrective,Emergency repair,6.6,738.41,1356.06,860.7,68.94,94.8,TECH013,2026-05-10T16:16:37.229551
mh0213,eq049,corrective,System reset and calibration,7.1,1585.76,1874.44,1218.32,55.26,80.86,TECH013,2024-12-15T16:16:37.229551
mh0214,eq000,emergency,Full inspection,0.9,1810.96,774.77,3129.13,69.91,96.9,TECH006,2025-12-08T16:16:37.229551
mh0215,eq043,emergency,Full inspection,7.8,2382.1,1235.46,1087.36,67.91,80.97,TECH007,2025-03-01T16:16:37.229551
mh0216,eq021,preventive,Full inspection,4.8,623.28,918.54,1065.84,71.45,84.41,TECH009,2025-10-05T16:16:37.229551
mh0217,eq008,corrective,Emergency repair,2.0,1488.3,1228.4,3113.02,70.95,83.56,TECH012,2025-05-10T16:16:37.229551
mh0218,eq049,corrective,System reset and calibration,5.6,1940.05,402.55,2478.4,49.85,61.28,TECH006,2025-02-07T16:16:37.229551
mh0219,eq041,preventive,System reset and calibration,1.8,1374.29,1678.85,4152.02,47.62,64.51,TECH010,2025-08-06T16:16:37.229551
mh0220,eq014,preventive,System reset and calibration,1.7,2321.22,354.47,3880.2,57.62,86.1,TECH004,2026-03-01T16:16:37.229551
mh0221,eq018,preventive,System reset and calibration,5.7,778.19,1010.11,797.82,77.07,100,TECH004,2024-10-31T16:16:37.229551
mh0222,eq048,corrective,Emergency repair,4.1,2324.81,454.43,3704.65,48.48,69.4,TECH001,2025-01-24T16:16:37.229551
mh0223,eq002,corrective,Component replacement,1.0,1001.74,1453.75,1866.51,63.32,86.59,TECH008,2025-07-08T16:16:37.230549
mh0224,eq042,corrective,System reset and calibration,7.0,547.7,1761.34,3492.47,77.81,89.14,TECH004,2024-09-26T16:16:37.230549
mh0225,eq020,corrective,Emergency repair,4.5,966.04,1101.17,2669.34,60.34,84.54,TECH015,2025-07-04T16:16:37.230549
mh0226,eq033,corrective,System reset and calibration,4.2,2360.98,233.07,3642.54,40.86,55.81,TECH006,2024-07-29T16:16:37.230549
mh0227,eq032,corrective,Oil change and lubrication,5.2,2696.69,1802.72,4203.89,52.09,82.01,TECH001,2024-10-26T16:16:37.230549
mh0228,eq021,corrective,Component replacement,1.2,1455.52,1929.09,3333.53,77.96,92.48,TECH011,2025-01-06T16:16:37.230549
mh0229,eq009,corrective,System reset and calibration,7.3,1323.21,1176.02,1589.06,49.1,63.9,TECH003,2024-08-25T16:16:37.230549
mh0230,eq008,corrective,Emergency repair,7.3,1575.16,1836.2,4011.21,61.65,87.66,TECH011,2024-12-11T16:16:37.230549
mh0231,eq035,emergency,Oil change and lubrication,1.9,2598.81,461.94,826.78,76.68,93.03,TECH006,2024-12-27T16:16:37.230549
mh0232,eq047,emergency,System reset and calibration,1.6,969.83,436.78,812.65,78.45,94.51,TECH010,2025-05-31T16:16:37.230549
mh0233,eq014,emergency,Component replacement,2.2,565.21,343.06,4053.25,50.67,72.02,TECH003,2024-11-04T16:16:37.230549
mh0234,eq041,corrective,Component replacement,6.9,1728.61,447.52,1531.02,73.85,93.22,TECH001,2025-03-01T16:16:37.230549
mh0235,eq017,corrective,Component replacement,6.1,2970.61,1564.0,984.39,70.58,80.88,TECH015,2025-06-05T16:16:37.230549
mh0236,eq020,corrective,Component replacement,3.7,2440.54,1294.27,4244.61,74.69,94.48,TECH012,2025-05-05T16:16:37.230549
mh0237,eq036,emergency,Emergency repair,4.4,2689.46,1616.46,2938.79,55.77,84.55,TECH008,2025-09-11T16:16:37.230549
mh0238,eq015,emergency,Emergency repair,3.5,2337.93,1203.86,2919.34,73.08,83.93,TECH011,2025-04-17T16:16:37.230549
mh0239,eq019,corrective,Full inspection,1.7,1236.05,1854.26,3666.8,47.59,66.39,TECH015,2026-06-08T16:16:37.230549
mh0240,eq005,emergency,Emergency repair,1.3,2446.83,1888.12,3693.29,58.54,81.47,TECH003,2026-03-05T16:16:37.230549
mh0241,eq011,corrective,Emergency repair,7.2,2739.49,1788.59,1087.77,56.54,75.56,TECH006,2025-06-21T16:16:37.230549
mh0242,eq010,emergency,Oil change and lubrication,1.2,2265.57,1341.33,1066.82,65.94,90.17,TECH012,2024-08-19T16:16:37.230549
mh0243,eq039,preventive,Full inspection,4.6,609.77,507.59,2141.33,69.07,98.58,TECH014,2025-06-30T16:16:37.230549
mh0244,eq009,preventive,Oil change and lubrication,3.6,1273.8,1583.53,2618.91,74.51,87.75,TECH011,2024-09-21T16:16:37.230549
mh0245,eq012,preventive,Emergency repair,6.2,530.52,1095.73,2844.16,44.7,57.33,TECH013,2026-01-24T16:16:37.230549
mh0246,eq013,emergency,Full inspection,3.9,1604.69,1282.19,728.26,64.32,84.19,TECH015,2026-07-23T16:16:37.230549
mh0247,eq013,preventive,Component replacement,1.6,2133.19,266.1,4371.47,51.12,73.7,TECH011,2025-01-14T16:16:37.230549
mh0248,eq005,preventive,Oil change and lubrication,3.6,945.62,1409.76,3327.69,73.52,89.49,TECH012,2024-12-14T16:16:37.230549
mh0249,eq011,corrective,Emergency repair,3.2,589.6,1583.32,2088.13,63.8,89.54,TECH015,2024-08-11T16:16:37.230549
mh0250,eq035,preventive,System reset and calibration,4.0,805.06,1746.93,2115.6,72.81,97.98,TECH007,2025-07-05T16:16:37.230549
mh0251,eq003,preventive,Emergency repair,6.0,2072.45,1976.94,2779.75,48.39,62.57,TECH012,2025-02-06T16:16:37.230549
mh0252,eq018,corrective,Emergency repair,6.9,1149.15,1235.26,3379.95,77.36,100,TECH015,2024-11-16T16:16:37.230549
mh0253,eq046,emergency,Full inspection,4.2,949.77,1296.93,3746.92,64.57,84.5,TECH004,2026-03-18T16:16:37.230549
mh0254,eq007,emergency,Component replacement,6.5,2997.47,945.27,2135.31,44.73,64.03,TECH009,2026-07-27T16:16:37.230549
mh0255,eq044,corrective,System reset and calibration,6.4,1269.43,1112.04,2092.87,48.49,71.31,TECH001,2024-10-14T16:16:37.230549
mh0256,eq046,emergency,Emergency repair,7.7,2580.11,549.23,4285.45,67.43,84.26,TECH015,2026-04-03T16:16:37.230549
mh0257,eq002,emergency,Component replacement,4.1,2068.0,1805.7,3008.96,59.16,78.65,TECH006,2024-09-08T16:16:37.230549
mh0258,eq047,preventive,Emergency repair,2.7,2312.41,767.91,3004.31,71.36,89.64,TECH004,2025-04-11T16:16:37.230549
mh0259,eq022,preventive,Component replacement,2.6,577.93,1970.51,3394.0,67.42,93.41,TECH014,2024-12-14T16:16:37.230549
mh0260,eq038,preventive,System reset and calibration,5.8,1286.25,256.93,2479.64,62.84,80.63,TECH008,2026-02-09T16:16:37.230549
mh0261,eq019,preventive,Emergency repair,2.8,780.58,1612.9,4044.5,54.86,81.45,TECH015,2025-11-27T16:16:37.230549
mh0262,eq030,emergency,Component replacement,1.9,2809.09,1518.39,2951.6,57.75,68.25,TECH013,2026-04-25T16:16:37.230549
mh0263,eq033,emergency,Component replacement,2.0,591.38,897.66,4418.68,45.73,73.17,TECH002,2025-08-27T16:16:37.230549
mh0264,eq038,preventive,System reset and calibration,4.0,615.35,1137.04,3533.63,52.44,63.32,TECH005,2026-07-24T16:16:37.230549
mh0265,eq013,corrective,Component replacement,1.9,1191.62,774.47,2596.8,63.1,79.35,TECH002,2026-07-05T16:16:37.230549
mh0266,eq000,emergency,Emergency repair,4.4,1016.44,830.57,2069.49,45.97,61.45,TECH003,2025-10-22T16:16:37.230549
mh0267,eq010,preventive,System reset and calibration,5.1,1346.85,998.57,1259.32,72.16,93.64,TECH008,2024-08-06T16:16:37.230549
mh0268,eq005,corrective,Full inspection,1.8,1990.3,1266.96,4295.55,42.02,59.69,TECH012,2024-09-05T16:16:37.230549
mh0269,eq012,emergency,Emergency repair,1.1,2806.96,1575.97,3141.49,64.65,80.9,TECH002,2025-04-28T16:16:37.230549
mh0270,eq043,emergency,Full inspection,4.0,2868.62,458.7,4551.51,58.73,77.84,TECH005,2024-08-12T16:16:37.230549
mh0271,eq042,corrective,System reset and calibration,3.9,575.66,1055.6,2211.2,55.68,79.68,TECH008,2025-07-21T16:16:37.230549
mh0272,eq036,preventive,Emergency repair,1.3,2543.88,1634.16,2101.24,51.29,68.26,TECH011,2026-02-04T16:16:37.230549
mh0273,eq025,emergency,Full inspection,2.3,1109.23,486.24,2774.21,71.7,92.35,TECH002,2026-05-17T16:16:37.230549
mh0274,eq027,corrective,Emergency repair,6.4,1861.32,625.08,3549.23,48.33,72.21,TECH002,2025-08-14T16:16:37.230549
mh0275,eq037,emergency,Full inspection,2.9,744.13,1001.39,2024.55,62.97,82.7,TECH007,2024-07-30T16:16:37.230549
mh0276,eq038,corrective,System reset and calibration,4.2,2150.41,362.96,4213.24,63.93,87.64,TECH015,2026-05-18T16:16:37.230549
mh0277,eq000,preventive,Component replacement,3.9,1228.76,1308.03,2622.79,76.13,98.85,TECH004,2024-12-11T16:16:37.230549
mh0278,eq043,corrective,Full inspection,5.9,2787.79,1982.52,3205.73,75.1,91.09,TECH010,2024-08-30T16:16:37.230549
mh0279,eq018,preventive,System reset and calibration,7.3,2919.75,201.52,3108.13,56.17,68.72,TECH006,2025-02-21T16:16:37.230549
mh0280,eq015,corrective,Emergency repair,3.5,1295.32,889.02,2340.73,74.45,100,TECH009,2026-04-07T16:16:37.230549
mh0281,eq012,emergency,Full inspection,6.8,1400.72,951.02,1940.42,66.5,86.0,TECH014,2025-12-24T16:16:37.230549
mh0282,eq041,preventive,Component replacement,5.9,1716.75,986.12,4957.94,45.02,55.25,TECH002,2024-09-10T16:16:37.230549
mh0283,eq029,emergency,Emergency repair,7.5,2058.12,1017.91,2523.74,65.69,84.01,TECH014,2026-03-10T16:16:37.230549
mh0284,eq027,emergency,Oil change and lubrication,4.8,2617.01,626.15,2857.43,55.39,69.9,TECH007,2025-04-24T16:16:37.230549
mh0285,eq002,emergency,Full inspection,5.8,782.91,1066.76,3669.14,63.05,73.72,TECH003,2025-01-15T16:16:37.230549
mh0286,eq049,corrective,Full inspection,4.4,1808.39,1298.13,1754.49,79.34,100,TECH011,2025-02-04T16:16:37.230549
mh0287,eq040,emergency,Emergency repair,2.8,631.94,818.38,4047.67,78.42,89.98,TECH008,2024-09-17T16:16:37.230549
mh0288,eq046,corrective,Full inspection,3.1,2944.4,730.31,1420.29,60.51,79.89,TECH012,2025-04-20T16:16:37.230549
mh0289,eq036,corrective,Oil change and lubrication,5.2,1945.35,1231.15,3522.18,69.98,94.52,TECH005,2024-11-24T16:16:37.230549
mh0290,eq008,emergency,Oil change and lubrication,6.9,1194.62,438.57,1908.18,41.09,60.79,TECH014,2024-10-27T16:16:37.230549
mh0291,eq011,emergency,Component replacement,5.4,1424.42,515.72,4064.87,40.57,52.8,TECH004,2025-11-07T16:16:37.230549
mh0292,eq002,corrective,Oil change and lubrication,7.8,1988.86,1679.1,4301.74,47.23,67.78,TECH013,2025-03-19T16:16:37.230549
mh0293,eq028,emergency,Component replacement,2.1,2335.9,821.14,3461.72,70.81,85.57,TECH013,2025-06-01T16:16:37.230549
mh0294,eq030,corrective,Full inspection,6.1,2381.07,1158.54,2333.14,42.1,61.38,TECH012,2026-04-01T16:16:37.230549
mh0295,eq027,preventive,System reset and calibration,7.5,1622.05,1421.29,4835.58,58.98,71.89,TECH011,2025-06-24T16:16:37.230549
mh0296,eq022,corrective,Emergency repair,7.4,2645.89,802.94,1848.48,43.89,64.52,TECH002,2026-06-16T16:16:37.230549
mh0297,eq049,emergency,Component replacement,6.0,1971.81,550.87,2150.85,66.17,84.0,TECH012,2025-11-09T16:16:37.230549
mh0298,eq000,preventive,Oil change and lubrication,3.6,1813.16,1433.9,2211.52,52.53,62.74,TECH012,2026-01-25T16:16:37.230549
mh0299,eq039,preventive,Oil change and lubrication,7.5,2141.51,1703.83,4787.1,50.08,60.76,TECH011,2025-10-11T16:16:37.230549
